{"cameraMode":{"drawMode":0,"name":"Shaded","section":"Shading Mode"},"sceneLighting":true,"audioPlay":false,"sceneViewState":{"showFog":false,"showMaterialUpdate":false,"showSkybox":false,"showFlares":false,"showImageEffects":false,"showParticleSystems":false},"in2DMode":false,"pivot":{"x":0.2963290214538574,"y":0.8955829739570618,"z":0.10207885503768921},"rotation":{"x":0.05750947445631027,"y":-0.8982755541801453,"z":0.12366507202386856,"w":0.4177349805831909},"size":0.44555652141571047,"orthographic":false}